{
  "project_info": {
    "project_number": "663182897638",
    "project_id": "quinns-laundry-house-5d121",
    "storage_bucket": "quinns-laundry-house-5d121.firebasestorage.app"
  },
  "client": [
    {
      "client_info": {
        "mobilesdk_app_id": "1:663182897638:android:cdbdd2e2e06fedc8aee627",
        "android_client_info": {
          "package_name": "com.solar2d.app.fb_login"
        }
      },
      "oauth_client": [],
      "api_key": [
        {
          "current_key": "AIzaSyDH002QE8Wgrd09n79_cDF2wL5h5lvk8QU"
        }
      ],
      "services": {
        "appinvite_service": {
          "other_platform_oauth_client": []
        }
      }
    },
    {
      "client_info": {
        "mobilesdk_app_id": "1:663182897638:android:5155fdf2c61acdb0aee627",
        "android_client_info": {
          "package_name": "com.solar2d.app.quinns_laundry_house"
        }
      },
      "oauth_client": [],
      "api_key": [
        {
          "current_key": "AIzaSyDH002QE8Wgrd09n79_cDF2wL5h5lvk8QU"
        }
      ],
      "services": {
        "appinvite_service": {
          "other_platform_oauth_client": []
        }
      }
    },
    {
      "client_info": {
        "mobilesdk_app_id": "1:663182897638:android:d6f3cfc7e95c2f48aee627",
        "android_client_info": {
          "package_name": "com.solar2d.app.quinns_laundry_house_rider"
        }
      },
      "oauth_client": [],
      "api_key": [
        {
          "current_key": "AIzaSyDH002QE8Wgrd09n79_cDF2wL5h5lvk8QU"
        }
      ],
      "services": {
        "appinvite_service": {
          "other_platform_oauth_client": []
        }
      }
    }
  ],
  "configuration_version": "1"
}